tiempo,coste
59.0,3392.6000000000004
36.0,3547.2000000000003
38.0,3521.6000000000004
43.0,3467.0
53.0,3400.0000000000005
41.0,3492.6
51.0,3413.2000000000003
58.0,3398.4000000000005
42.0,3485.2
37.0,3539.8
48.0,3426.4
44.0,3459.6
46.0,3439.6
39.0,3514.2000000000003
40.0,3501.0000000000005
45.0,3446.4
34.0,3609.6
33.0,3698.8000000000006
52.0,3411.8
50.0,3425.0
35.0,3584.8
32.0,3720.000000000001
